command,user_seconds,system_seconds,cpu_seconds,wall_seconds,peak_rss_kib,swaps,exit_status
reproduce,20.12,0.09,20.21,20.23,126388,0,0
report,3.07,0.05,3.12,3.13,110952,0,0
check,1.44,0.06,1.5,1.5,98608,0,0
tests,13.89,0.06,13.95,13.56,101164,0,0
pilot,1.01,0.04,1.05,0.64,92840,0,0
inspect,0.94,0.07,1.01,0.63,92920,0,0
holdout,4.03,0.1,4.13,3.72,122764,0,0
static,0.94,0.1,1.04,0.73,97324,0,0
references,0.98,0.09,1.07,0.66,92972,0,0
external_refs,0.95,0.07,1.02,0.61,92844,0,0
pytest,19.99,0.18,20.17,19.77,155148,0,0
